<?xml version="1.0" encoding="UTF-8" ?> 
<Module>
	<ModulePrefs title="Pin On Image"
		description="Create a customized status view of IT service, application, geography, topology, workflows or anything else you can dream up. Use a custom image as your background and place pins to indicate status."
		thumbnail="pinOnImageThm.png" /> 
	<gadget_version>
		1.3
	</gadget_version>
	<grid_info>
		<supported_versions>
			7.3,7.4,7.5,7.6,7.7,7.8,7.9,7.10
		</supported_versions>
		<supported_platforms>
			windows,linux
		</supported_platforms>
		<requires_agent_scripts>
			false
		</requires_agent_scripts>
		<upgrade_in_place>
			true
		</upgrade_in_place>
	</grid_info>
	<Content type="html">
		<![CDATA[ 
<html>
<head>
#includeResources(jquery,jqueryui,d3)
<title>Pin On Image</title>
<link rel="stylesheet" type="text/css" href="__UPTIME_GADGET_BASE__/imageselector.css" />
<link rel="stylesheet" type="text/css" href="__UPTIME_GADGET_BASE__/map.css" />
<script type="text/javascript" src="__UPTIME_GADGET_BASE__/jquery.ba-throttle-debounce.min.js?v=<%= pkg.gadget_version %>"></script>
<script type="text/javascript" src="__UPTIME_GADGET_BASE__/uuid.js?v=<%= pkg.gadget_version %>"></script>
<script type="text/javascript" src="__UPTIME_GADGET_BASE__/imageselector.js?v=<%= pkg.gadget_version %>"></script>
<script type="text/javascript" src="__UPTIME_GADGET_BASE__/NewNodeDialog.js?v=<%= pkg.gadget_version %>"></script>
<script type="text/javascript" src="__UPTIME_GADGET_BASE__/NodeUpdateRenderer.js?v=<%= pkg.gadget_version %>"></script>
<script type="text/javascript" src="__UPTIME_GADGET_BASE__/pinOnDashboard.js?v=<%= pkg.gadget_version %>"></script>
</head>
<body>
	<div id="editPanel">
		<div class="editPanelBackgroundList">
		<select id="backgroundList">
			<option value="__UPTIME_GADGET_BASE__/backgrounds/World.png">World</option>
			<option value="__UPTIME_GADGET_BASE__/backgrounds/NorthAmerica.png">North America</option>
			<option value="__UPTIME_GADGET_BASE__/backgrounds/Canada_USA.png">Canada and USA</option>
			<option value="__UPTIME_GADGET_BASE__/backgrounds/USA.png">USA</option>
			<option value="__UPTIME_GADGET_BASE__/backgrounds/Canada.png">Canada</option>
			<option value="__UPTIME_GADGET_BASE__/backgrounds/Europe.png">Europe</option>
			<option value="__UPTIME_GADGET_BASE__/backgrounds/SouthAmerica.png">South America</option>
			<option value="__UPTIME_GADGET_BASE__/backgrounds/Africa.png">Africa</option>
			<option value="__UPTIME_GADGET_BASE__/backgrounds/NorthAfrica_MiddleEast.png">North Africa and Middle East</option>
			<option value="__UPTIME_GADGET_BASE__/backgrounds/AsiaCentral.png">Asia Central</option>
			<option value="__UPTIME_GADGET_BASE__/backgrounds/SoutheastAsia_Australasia.png">Southeast Asia and Australasia</option>
		</select>
		</div>
		<div class="editPanelCol2">
		<div class="editPanelRefreshRate">
			<label for="refreshRate">Refresh Rate:</label>
			<select id="refreshRate" class="incident-panel-setting" name="refreshRate">
				<option value="30">30s</option>
				<option value="60">1m</option>
				<option value="300">5m</option>
				<option value="600">10m</option>
				<option value="900">15m</option>
				<option value="3600">1h</option>
				<option value="-1">Never</option>
			</select>
		</div>
		<div class="editPanelExplaination">
		Click below to add new elements.<br>
		Click on existing elements to modify them.
		</div>
		</div>
		<div class="editPanelExitButton">
		<button id="closeEdit">Exit Edit Mode</button>
		</div>
	</div>

	<div id="mapNodeProperties">
		<form>
			<div class="mapNodePropertiesError"></div>
			<div class="mapNodePropertiesSection">Node</div>
			<div id="nodeTypeSection" class="NodeTypeSection">
				<div class="mapNodePropertiesInput NodeTypeRadios">
					<label for="nodeTypeElement">Element</label><input id="nodeTypeElement" type="radio" name="nodeType" value="element" checked="checked">
					<label for="nodeTypeGroup">Group</label><input id="nodeTypeGroup" type="radio" name="nodeType" value="group">
				</div>
				<div class="mapNodePropertiesInput">
					<select id="nodeSelect" name="">
						<option value="Loading...">Loading...</option>
					</select>
				</div>
			</div>
			<div class="mapNodePropertiesSection">When the Node is Clicked, Go To</div>
			<div class="DestinationPageSection">
				<div class="mapNodePropertiesInput">
					<div class="PageTypeRadios">
						<label for="pageTypeDashboard">Dashboard Page</label><input id="pageTypeDashboard" type="radio" name="PageType" checked="checked" value="dashboard">
						<label for="pageTypeProfile">Profile Page</label><input id="pageTypeProfile" type="radio" name="PageType" value="profile">
					</div>
				</div>
				<div class="mapNodePropertiesInput DestinationSelectSection">
					<select id="destinationSelect" class="DestinationSelectionOption" name="destinationSelect">
						<option value="Loading...">Loading...</option>
					</select>
				</div>
			</div>
		</form>
		<span id="noGroupMessage" style="display:none;">No groups currently exist...</span>
	</div>

	<div id="wholeBoard" class="editable">
		<svg id="svgChart" xmlns="http://www.w3.org/2000/svg"
			xmlns:xlink="http://www.w3.org/1999/xlink"
			xmlns:ev="http://www.w3.org/2001/xml-events"
			preserveAspectRatio="none" width="100%" height="100%"
			onmousemove="null">
			<text id="editSettingsHint" x="50%" y="35%">Edit Gadget to Select a Background Image</text>
       		<image id="svgBackground" x="0px" y="0px" width="100%"
				height="100%" preserveAspectRatio="none"
				xlink:href="__UPTIME_GADGET_BASE__/backgrounds/empty.png" />
			<circle class="mapNodeEdit" cx="0" cy="0" r="1" />
			<g class="mapNodeAction mapNodeProperties">
			<svg x="0" y="0" width="20" height="20">
				<circle cx="10" cy="10" r="10" />
				<image xlink:href="__UPTIME_GADGET_BASE__/icons/ui-icon-gear.png" x="2" y="1" width="16" height="16" />
			</svg>
			</g>
			<g class="mapNodeAction mapNodeRemove">
			<svg x="0" y="0" width="20" height="20">
				<circle cx="10" cy="10" r="10" />
				<image xlink:href="__UPTIME_GADGET_BASE__/icons/ui-icon-trash.png" x="2" y="2" width="16" height="16" />
			</svg>
			</g>
     </svg>
	</div>

	<div id="myUploadedFilesContainer" style="display: none">
		My Gadget Instance Files
		<ul id="myUploadedFiles">
		</ul>
	</div>

	<div id="removeSystem-confirm" title="Remove System?"
		style="display: none">
		<p>
			<span class="ui-icon ui-icon-alert"
				style="float: left; margin: 0 7px 20px 0;"></span><span id="message">Do
				you want to remove this system?</span>
		</p>
	</div>

	<span style="position: fixed" id="systemTooltip">
		<div class="nodeName"></div>
		<div class="elementCounts">
			<div><span class="numElements"></span> Elements:</div>
			<table class="elementCounts">
				<tr><td>MAINT</td><td class="countValue" data-counttype="MAINT"></td></tr>
				<tr><td>CRIT</td><td class="countValue" data-counttype="CRIT"></td></tr>
				<tr><td>WARN</td><td class="countValue" data-counttype="WARN"></td></tr>
				<tr><td>UNKNOWN</td><td class="countValue" data-counttype="UNKNOWN"></td></tr>
				<tr><td>OK</td><td class="countValue" data-counttype="OK"></td></tr>
			</table>
		</div>
		<div class="monitorCounts">
			<div><span class="numMonitors"></span> Monitors:</div>
			<table class="monitorCounts">
				<tr><td>MAINT</td><td class="countValue" data-counttype="MAINT"></td></tr>
				<tr><td>CRIT</td><td class="countValue" data-counttype="CRIT"></td></tr>
				<tr><td>WARN</td><td class="countValue" data-counttype="WARN"></td></tr>
				<tr><td>UNKNOWN</td><td class="countValue" data-counttype="UNKNOWN"></td></tr>
				<tr><td>OK</td><td class="countValue" data-counttype="OK"></td></tr>
			</table>
		</div>
	</span>
	
	<ul id="wholeBoardContextMenu">
	</ul>

	<div id="statusBar"></div>

</body>
</html>
		]]>
	</Content> 
</Module>
